{"odomToCamera": [0.8936531310908846, -0.03940964595907295, -0.4470245643103279, -1.1136468410414984, 0.44847319886084186, 0.11393736119443978, 0.8865044092544442, 1.8958159954768392, 0.015995974336737984, -0.9927059773817364, 0.11949464956888278, 1.2994002534867075, 0.0, 0.0, 0.0, 1.0]}
{"mapToCamera": [0.8938207738183214, -0.03936703666851772, -0.44669302738542555, -748.9274190534669, 0.4481389885915254, 0.11395209034726521, 0.8866715107691534, 1023.4783687883488, 0.015995974336738, -0.9927059773817364, 0.11949464956888278, 1.2994002534867075, 0.0, 0.0, 0.0, 1.0]}
{"UTMToCamera": [0.8851641454057054, -0.04152030746776406, -0.4634225930573189, 593872.7502155672, 0.4650038327725971, 0.11318527527180401, 0.8780435803355322, 5762520.905178989, 0.015995974336738, -0.9927059773817364, 0.11949464956888278, 1.2994002534867075, 0.0, 0.0, 0.0, 1.0]}