{"odomToCamera": [-0.5120627639977803, -0.11078143843602524, -0.8517741476618075, -25.46347507388756, 0.8587990769277596, -0.047563803134491885, -0.5100998236614197, -27.539756294757986, 0.015995974336738907, -0.9927059773817364, 0.11949464956888196, 1.299400253486707, 0.0, 0.0, 0.0, 1.0]}
{"mapToCamera": [-0.5166028575712092, -0.11052803898477825, -0.8490612699607963, -1411.52828853661, 0.8560757071394325, -0.0481497151471449, -0.5146027483185156, 1581.7963608002306, 0.015995974336737332, -0.9927059773817364, 0.11949464956888345, 1.2994002534867097, 0.0, 0.0, 0.0, 1.0]}
{"UTMToCamera": [-0.5327398120064062, -0.10959533401770886, -0.8391526413382285, 593199.6836327328, 0.8461278990249625, -0.050236493031646644, -0.5306070799183553, 5763066.560993138, 0.015995974336737332, -0.9927059773817364, 0.11949464956888345, 1.2994002534867097, 0.0, 0.0, 0.0, 1.0]}