{"odomToCamera": [-0.5645388789767881, -0.1076051496988461, -0.8183623805392813, -71.09324267831396, 0.8252514664807625, -0.05436887187408322, -0.562142368837726, -51.2125362345452, 0.01599597433673738, -0.9927059773817365, 0.11949464956888223, 1.2994002534867057, 0.0, 0.0, 0.0, 1.0]}
{"mapToCamera": [-0.5618383207852694, -0.10778229317814618, -0.8201955124081377, -1457.937466141731, 0.8270923951422875, -0.054016846889018, -0.5594643421612868, 1558.4958181405595, 0.015995974336736312, -0.9927059773817365, 0.11949464956888202, 1.2994002534867046, 0.0, 0.0, 0.0, 1.0]}
{"UTMToCamera": [-0.5774176688267001, -0.10673885042895326, -0.8094415689448158, 593153.7245364155, 0.8162922053601626, -0.05605051542739841, -0.5749133632022875, 5763042.384795758, 0.015995974336736312, -0.9927059773817365, 0.11949464956888202, 1.2994002534867046, 0.0, 0.0, 0.0, 1.0]}